member,pdb_id,chain,sequence_length,modelled_residue_count,modelled_fraction,modelled_label_seq_ranges
3jcr:H,3jcr,H,116,63,0.5431,"3-6,10-19,28-54,58-67,75-78,86-93"
5mqf:5,5mqf,5,116,114,0.9828,3-116
5o9z:5,5o9z,5,116,114,0.9828,3-116
5xjc:B,5xjc,B,117,84,0.7179,"8-71,85-104"
5yzg:B,5yzg,B,117,84,0.7179,"8-71,85-104"
5z56:B,5z56,B,117,84,0.7179,"8-71,85-104"
5z57:B,5z57,B,117,84,0.7179,"8-71,85-104"
5z58:B,5z58,B,117,84,0.7179,"8-71,85-104"
6ah0:B,6ah0,B,117,115,0.9829,3-117
6ahd:B,6ahd,B,117,115,0.9829,3-117
6ff4:5,6ff4,5,116,70,0.6034,5-74
6ff7:5,6ff7,5,116,70,0.6034,5-74
6icz:B,6icz,B,117,97,0.8291,8-104
6id0:B,6id0,B,117,98,0.8376,7-104
6id1:B,6id1,B,117,98,0.8376,7-104
6qdv:5,6qdv,5,116,75,0.6466,"9-70,85-97"
6qw6:5,6qw6,5,117,104,0.8889,"3-38,44-78,85-117"
6qx9:5,6qx9,5,117,104,0.8889,"3-38,44-78,85-117"
6zym:5,6zym,5,116,74,0.6379,4-77
7a5p:5,7a5p,5,116,40,0.3448,"76,78-116"
7aav:5,7aav,5,116,69,0.5948,7-75
7abf:5,7abf,5,116,58,0.5000,10-67
7abg:5,7abg,5,116,114,0.9828,3-116
7abi:5,7abi,5,116,114,0.9828,3-116
7dvq:B,7dvq,B,117,90,0.7692,"8-71,85-103,110-116"
7qtt:e,7qtt,e,117,98,0.8376,"8-70,72-77,88-116"
7w59:B,7w59,B,117,84,0.7179,"8-71,85-104"
7w5a:B,7w5a,B,117,84,0.7179,"8-71,85-104"
7w5b:B,7w5b,B,117,84,0.7179,"8-71,85-104"
8c6j:5,8c6j,5,116,113,0.9741,3-115
8ch6:e,8ch6,e,117,98,0.8376,"8-70,72-77,88-116"
8h6e:5A,8h6e,5A,117,114,0.9744,4-117
8h6j:5A,8h6j,5A,117,114,0.9744,4-117
8h6k:5A,8h6k,5A,117,115,0.9829,3-117
8h6l:5A,8h6l,5A,117,115,0.9829,3-117
8i0p:B,8i0p,B,117,98,0.8376,"8-71,84-117"
8i0r:B,8i0r,B,117,98,0.8376,"8-71,84-117"
8i0s:B,8i0s,B,117,98,0.8376,"8-71,84-117"
8i0t:B,8i0t,B,117,98,0.8376,"8-71,84-117"
8i0u:B,8i0u,B,117,98,0.8376,"8-71,84-117"
8i0v:B,8i0v,B,117,98,0.8376,"8-71,84-117"
8i0w:B,8i0w,B,117,98,0.8376,"8-71,84-117"
8q7n:5,8q7n,5,117,115,0.9829,3-117
8q7q:5,8q7q,5,117,104,0.8889,"3-38,44-78,85-117"
8q7v:5,8q7v,5,117,104,0.8889,"3-38,44-78,85-117"
8q7w:5,8q7w,5,117,104,0.8889,"3-38,44-78,85-117"
8q7x:5,8q7x,5,117,104,0.8889,"3-38,44-78,85-117"
8q91:5,8q91,5,117,104,0.8889,"3-38,44-78,85-117"
8qo9:5,8qo9,5,117,115,0.9829,3-117
8qoz:5,8qoz,5,117,79,0.6752,3-81
8qp8:5,8qp8,5,117,71,0.6068,"3-38,44-78"
8qp9:5,8qp9,5,117,71,0.6068,"3-38,44-78"
8qpa:5,8qpa,5,117,79,0.6752,3-81
8qpb:5,8qpb,5,117,79,0.6752,3-81
8qpe:5,8qpe,5,117,115,0.9829,3-117
8qpk:5,8qpk,5,117,77,0.6581,3-79
8qxd:5,8qxd,5,115,104,0.9043,"1-36,42-76,83-115"
8qzs:5,8qzs,5,117,109,0.9316,"3-78,85-117"
8r08:5,8r08,5,117,104,0.8889,"3-38,44-78,85-117"
8r09:5,8r09,5,117,112,0.9573,"3-81,85-117"
8r0a:5,8r0a,5,117,115,0.9829,3-117
8r0b:5,8r0b,5,117,112,0.9573,"3-81,85-117"
8rc0:5,8rc0,5,117,104,0.8889,"3-38,44-78,85-117"
8rm5:5,8rm5,5,117,112,0.9573,"3-81,85-117"
8ro2:5,8ro2,5,116,92,0.7931,"9-69,85-115"
8y6o:B,8y6o,B,117,109,0.9316,"3-78,85-117"
9fmd:5,9fmd,5,116,92,0.7931,"9-69,85-115"
9r3d:5,9r3d,5,77,77,1.0000,1-77
9r8v:5,9r8v,5,117,109,0.9316,"3-78,85-117"
9s2e:5,9s2e,5,116,92,0.7931,"9-69,85-115"
9s2f:5,9s2f,5,116,92,0.7931,"9-69,85-115"
local_step2:5,local_step2,5,108,95,0.8796,"1-64,78-108"
